timestamp,module index,wheel velocity,module angle,x_hat azimuth,x_hat azimuth velocity,x_hat wheel velocity,observer x_hat azimuth,observer x_hat azimuth velocity,observer x_hat wheel velocity,error azimuth,error azimuth velocity,error wheel velocity,next reference azimuth,next reference azimuth velocity,next reference wheel velocity,reference azimuth,reference azimuth velocity,reference wheel velocity,lo next voltage,hi next voltage
1636825139.6357405,0,0.0,0.0031306843457645783,-0.020305666960376893,-0.05551182448123995,-0.030928550202648217,-0.020305666960376893,-0.05551182448123995,-0.030928550202648217,0.020305666960376893,0.05551182448123995,0.030928550202648217,0.0,-0.051196924635410826,0.0,1.5707963267948966,-0.05551182448123995,7.380967142886666,-0.01664209259322982,0.0045422236674167804
1636825139.6529553,0,0.0,0.0031306843457645783,0.04654962105282375,4.049680642108698,2.1948172943383204,0.04654962105282375,4.049680642108698,2.1948172943383204,-0.04654962105282375,-4.049680642108698,-2.1948172943383204,1.5707963267948966,-0.05551182448123995,7.380967142886666,1.5707963267948966,4.049680642108698,7.380967142886666,1.0,-0.17396366116226042
1636825139.6733706,0,0.010227816903227513,0.012334569073078505,0.10106377742812306,2.8502106568366763,3.251303489109593,0.10106377742812306,2.8502106568366763,3.251303489109593,-0.10106377742812306,-2.8502106568366763,-3.251303489109593,1.5707963267948966,4.049680642108698,7.380967142886666,1.5707963267948966,2.8502106568366763,7.380967142886666,1.0,-0.06180270283402506
1636825139.695339,0,0.03947179708578915,0.04608214640656261,0.14861515975181777,2.981628091307001,2.9045880744531596,0.14861515975181777,2.981628091307001,2.9045880744531596,-0.14861515975181777,-2.981628091307001,-2.9045880744531596,1.5707963267948966,2.8502106568366763,7.380967142886666,1.5707963267948966,2.981628091307001,7.380967142886666,1.0,-0.08425625546522347
1636825139.7132359,0,0.06710584312617607,0.08289768531581831,0.1971781548174267,2.870126261283544,3.099157002830635,0.1971781548174267,2.870126261283544,3.099157002830635,-0.1971781548174267,-2.870126261283544,-3.099157002830635,1.5707963267948966,2.981628091307001,7.380967142886666,1.5707963267948966,2.870126261283544,7.380967142886666,1.0,-0.08148153357439732
1636825139.735929,0,0.09831962508269264,0.1258491473766159,0.24452677580396978,2.7667210950494514,3.1881558227890725,0.24452677580396978,2.7667210950494514,3.1881558227890725,-0.24452677580396978,-2.7667210950494514,-3.1881558227890725,1.5707963267948966,2.870126261283544,7.380967142886666,1.5707963267948966,2.7667210950494514,7.380967142886666,1.0,-0.08242243067074546
1636825139.754177,0,0.13048042712284136,0.1258491473766159,0.2900917885056632,2.6609304485813303,3.2871268825783635,0.2900917885056632,2.6609304485813303,3.2871268825783635,-0.2900917885056632,-2.6609304485813303,-3.2871268825783635,1.5707963267948966,2.7667210950494514,7.380967142886666,1.5707963267948966,2.6609304485813303,7.380967142886666,1.0,-0.08559174515496457
1636825139.7784405,0,0.1537771211801929,0.21942197543764008,0.33313598956267043,2.565454821945708,3.3569977009120837,0.33313598956267043,2.565454821945708,3.3569977009120837,-0.33313598956267043,-2.565454821945708,-3.3569977009120837,1.5707963267948966,2.6609304485813303,7.380967142886666,1.5707963267948966,2.565454821945708,7.380967142886666,1.0,-0.0882200148602859
1636825139.7933109,0,0.1592887780669322,0.2639074182863239,0.3791711005242938,2.5105139862989607,3.404796810652305,0.3791711005242938,2.5105139862989607,3.404796810652305,-0.3791711005242938,-2.5105139862989607,-3.404796810652305,1.5707963267948966,2.565454821945708,7.380967142886666,1.5707963267948966,2.5105139862989607,7.380967142886666,1.0,-0.08446399048488858
1636825139.814139,0,0.1632094412131694,0.3007229571955792,0.424306218735713,2.4987152183574164,3.418166441028302,0.424306218735713,2.4987152183574164,3.418166441028302,-0.424306218735713,-2.4987152183574164,-3.418166441028302,1.5707963267948966,2.5105139862989607,7.380967142886666,1.5707963267948966,2.4987152183574164,7.380967142886666,1.0,-0.08377552535740035
1636825139.836697,0,0.16534970660217813,0.34981034240791997,0.46896465953019806,2.4846944451041004,3.4382214427979125,0.46896465953019806,2.4846944451041004,3.4382214427979125,-0.46896465953019806,-2.4846944451041004,-3.4382214427979125,1.5707963267948966,2.4987152183574164,7.380967142886666,1.5707963267948966,2.4846944451041004,7.380967142886666,1.0,-0.0818547120248189
1636825139.8532414,0,0.1663346074891556,0.39582976604448916,0.5135542404222407,2.47793125472467,3.4501741014244987,0.5135542404222407,2.47793125472467,3.4501741014244987,-0.5135542404222407,-2.47793125472467,-3.4501741014244987,1.5707963267948966,2.4846944451041004,7.380967142886666,1.5707963267948966,2.47793125472467,7.380967142886666,1.0,-0.07913831844385506
1636825139.873677,0,0.1662020246774471,0.43878122810528675,0.5582707713907995,2.4708606493027947,3.4643496781188428,0.5582707713907995,2.4708606493027947,3.4643496781188428,-0.5582707713907995,-2.4708606493027947,-3.4643496781188428,1.5707963267948966,2.47793125472467,7.380967142886666,1.5707963267948966,2.4708606493027947,7.380967142886666,1.0,-0.07729291858262988
1636825139.8930302,0,0.16659977311257262,0.4878686133176271,0.6029629105305885,2.4681132310927545,3.4810782408306276,0.6029629105305885,2.4681132310927545,3.4810782408306276,-0.6029629105305885,-2.4681132310927545,-3.4810782408306276,1.5707963267948966,2.4708606493027947,7.380967142886666,1.5707963267948966,2.4681132310927545,7.380967142886666,1.0,-0.07458467186721343
1636825139.9138222,0,0.16673235592428112,0.5384899793178533,0.6477055458407468,2.4631659254457117,3.499918545144813,0.6477055458407468,2.4631659254457117,3.499918545144813,-0.6477055458407468,-2.4631659254457117,-3.499918545144813,1.5707963267948966,2.4681132310927545,7.380967142886666,1.5707963267948966,2.4631659254457117,7.380967142886666,0.9999999999999999,-0.06989472840363678
1636825139.956845,0,0.16648613070253676,0.6197909610757928,0.7369721041219517,2.4523974373848985,3.535869441200332,0.7369721041219517,2.4523974373848985,3.535869441200332,-0.7369721041219517,-2.4523974373848985,-3.535869441200332,1.5707963267948966,2.456765576962798,7.380967142886666,1.5707963267948966,2.4523974373848985,7.380967142886666,0.9999999999999999,-0.06338092963559994
1636825139.9747667,0,0.1661641438741018,0.6688783462881331,0.7813493842562116,2.449318576060037,3.5574644026616244,0.7813493842562116,2.449318576060037,3.5574644026616244,-0.7813493842562116,-2.449318576060037,-3.5574644026616244,1.5707963267948966,2.4523974373848985,7.380967142886666,1.5707963267948966,2.449318576060037,7.380967142886666,1.0,-0.05871256239636472
1636825139.9937692,0,0.1661641438741018,0.6688783462881331,0.8248358013973572,2.442231437383734,3.564074444250987,0.8248358013973572,2.442231437383734,3.564074444250987,-0.8248358013973572,-2.442231437383734,-3.564074444250987,1.5707963267948966,2.449318576060037,7.380967142886666,1.5707963267948966,2.442231437383734,7.380967142886666,1.0,-0.058918203724165015
1636825140.0142696,0,0.16699752154769812,0.7793249630158994,0.8665077488527134,2.443666489669489,3.5602718219207987,0.8665077488527134,2.443666489669489,3.5602718219207987,-0.8665077488527134,-2.443666489669489,-3.5602718219207987,1.5707963267948966,2.442231437383734,7.380967142886666,1.5707963267948966,2.443666489669489,7.380967142886666,1.0,-0.05912257788908539
1636825140.0332165,0,0.16699752154769812,0.8146065211372688,0.9115768845049634,2.4236215027054024,3.659904017130348,0.9115768845049634,2.4236215027054024,3.659904017130348,-0.9115768845049634,-2.4236215027054024,-3.659904017130348,1.5707963267948966,2.443666489669489,7.380967142886666,1.5707963267948966,2.4236215027054024,7.380967142886666,1.0,-0.041297582040632684
1636825140.0534737,0,0.16682705793264432,0.8529560408344099,0.9559948451075125,2.412143115664702,3.677534847714622,0.9559948451075125,2.412143115664702,3.677534847714622,-0.9559948451075125,-2.412143115664702,-3.677534847714622,1.5707963267948966,2.4236215027054024,7.380967142886666,1.5707963267948966,2.412143115664702,7.380967142886666,0.9999999999999999,-0.0353272574796655
1636825140.0741367,0,0.16695964074435282,0.8882375989557798,0.9999855773634091,2.401832697955777,3.709540564227723,0.9999855773634091,2.401832697955777,3.709540564227723,-0.9999855773634091,-2.401832697955777,-3.709540564227723,1.5707963267948966,2.412143115664702,7.380967142886666,1.5707963267948966,2.401832697955777,7.380967142886666,1.0,-0.031545660742220524
1636825140.0935056,0,0.16760361440122273,0.938858964956006,1.0438660791587593,2.3925883158631964,3.7607917521692946,1.0438660791587593,2.3925883158631964,3.7607917521692946,-1.0438660791587593,-2.3925883158631964,-3.7607917521692946,1.5707963267948966,2.401832697955777,7.380967142886666,1.5707963267948966,2.3925883158631964,7.380967142886666,1.0,-0.02026949238003023
1636825140.115321,0,0.1675467931962048,0.9894803309562317,1.0877428241603837,2.376239649787491,3.820266541137048,1.0877428241603837,2.376239649787491,3.820266541137048,-1.0877428241603837,-2.376239649787491,-3.820266541137048,1.5707963267948966,2.3925883158631964,7.380967142886666,1.5707963267948966,2.376239649787491,7.380967142886666,1.0,-0.0085567936113824
1636825140.1341841,0,0.16792560122965766,1.0431696585322299,1.1314542703921422,2.36061963234551,3.887742844432804,1.1314542703921422,2.36061963234551,3.887742844432804,-1.1314542703921422,-2.36061963234551,-3.887742844432804,1.5707963267948966,2.376239649787491,7.380967142886666,1.5707963267948966,2.36061963234551,7.380967142886666,1.0,0.006553807553517948
1636825140.1532931,0,0.16913778693670686,1.0907230629566844,1.1751025541832103,2.3309636721404767,3.9778748803999076,1.1751025541832103,2.3309636721404767,3.9778748803999076,-1.1751025541832103,-2.3309636721404767,-3.9778748803999076,1.5707963267948966,2.36061963234551,7.380967142886666,1.5707963267948966,2.3309636721404767,7.380967142886666,1.0,0.02193870578265659
1636825140.1738722,0,0.16951659497015972,1.1382764673811394,1.2184699407527368,2.2973834955730528,4.07121045855836,1.2184699407527368,2.2973834955730528,4.07121045855836,-1.2184699407527368,-2.2973834955730528,-4.07121045855836,1.5707963267948966,2.3309636721404767,7.380967142886666,1.5707963267948966,2.2973834955730528,7.380967142886666,1.0,0.03527330436794172
1636825140.1967454,0,0.16951659497015972,1.1996356988965653,1.2611782692355387,2.294251149392406,4.204423919553706,1.2611782692355387,2.294251149392406,4.204423919553706,-1.2611782692355387,-2.294251149392406,-4.204423919553706,1.5707963267948966,2.2973834955730528,7.380967142886666,1.5707963267948966,2.294251149392406,7.380967142886666,1.0,0.07512497687758678
1636825140.2174392,0,0.1689483829199804,1.2287813338663915,1.3029906434481442,2.1251576169652644,4.368042603917494,1.3029906434481442,2.1251576169652644,4.368042603917494,-1.3029906434481442,-2.1251576169652644,-4.368042603917494,1.5707963267948966,2.294251149392406,7.380967142886666,1.5707963267948966,2.1251576169652644,7.380967142886666,0.9673656409114295,0.09092873342260424
1636825140.2346272,0,0.1689483829199804,1.2287813338663915,1.340516026248443,2.067312873114405,4.22610676425184,1.340516026248443,2.067312873114405,4.22610676425184,-1.340516026248443,-2.067312873114405,-4.22610676425184,1.5707963267948966,2.1251576169652644,7.380967142886666,1.5707963267948966,2.067312873114405,7.380967142886666,0.9547813232117475,0.09460535912142609
1636825140.253737,0,0.16809606484471143,1.3208201811395304,1.3762224684957252,2.048538002981643,4.181555788856319,1.3762224684957252,2.048538002981643,4.181555788856319,-1.3762224684957252,-2.048538002981643,-4.181555788856319,1.5707963267948966,2.067312873114405,7.380967142886666,1.5707963267948966,2.048538002981643,7.380967142886666,0.9449487823575213,0.09379318090188998
1636825140.2736824,0,0.16625884588246503,1.363771643200328,1.3914073522155743,0.3808881519782288,4.362620646130748,1.3914073522155743,0.3808881519782288,4.362620646130748,-1.3914073522155743,-0.3808881519782288,-4.362620646130748,1.5707963267948966,2.048538002981643,7.380967142886666,1.5707963267948966,0.3808881519782288,7.380967142886666,0.5348984738380169,0.3451407085025948
1636825140.2972462,0,0.1612396394392145,1.4128590284126683,1.3857262333159637,-0.6837015181936306,3.3047894995535176,1.3857262333159637,-0.6837015181936306,3.3047894995535176,-1.3857262333159637,0.6837015181936306,-3.3047894995535176,1.5707963267948966,0.3808881519782288,7.380967142886666,1.5707963267948966,-0.6837015181936306,7.380967142886666,0.1812646035874813,0.37309008118223447
1636825140.313472,0,0.1370148656999034,1.4328007786551824,1.3687735311557663,-1.3708841356826063,2.5457691082162004,1.3687735311557663,-1.3708841356826063,2.5457691082162004,-1.3687735311557663,1.3708841356826063,-2.5457691082162004,1.5707963267948966,-0.6837015181936306,7.380967142886666,1.5707963267948966,-1.3708841356826063,7.380967142886666,-0.07562430800614717,0.40645575137500417
1636825140.3398974,0,0.10214558622056664,1.4374027210188394,1.34486572482035,-1.648424628114061,1.9353803901487105,1.34486572482035,-1.648424628114061,1.9353803901487105,-1.34486572482035,1.648424628114061,-1.9353803901487105,1.5707963267948966,-1.3708841356826063,7.380967142886666,1.5707963267948966,-1.648424628114061,7.380967142886666,-0.20964822752150247,0.42439637210556835
1636825140.353526,0,0.06975749936034617,1.431266797867297,1.3195482099920177,-1.6752574787269294,1.6157233532693898,1.3195482099920177,-1.6752574787269294,1.6157233532693898,-1.3195482099920177,1.6752574787269294,-1.6157233532693898,1.5707963267948966,-1.648424628114061,7.380967142886666,1.5707963267948966,-1.6752574787269294,7.380967142886666,-0.26811631173404493,0.4288814052465767
1636825140.3740423,0,0.03964226070084294,1.4266648555036392,1.2954562958946092,-1.6039009957569212,1.507795475605507,1.2954562958946092,-1.6039009957569212,1.507795475605507,-1.2954562958946092,1.6039009957569212,-1.507795475605507,1.5707963267948966,-1.6752574787269294,7.380967142886666,1.5707963267948966,-1.6039009957569212,7.380967142886666,-0.27059706082623025,0.43119476982456895
1636825140.397788,0,0.009830068468102,1.4251308747157543,1.272572999606246,-1.5585245407164354,1.5146199316644025,1.272572999606246,-1.5585245407164354,1.5146199316644025,-1.272572999606246,1.5585245407164354,-1.5146199316644025,1.5707963267948966,-1.6039009957569212,7.380967142886666,1.5707963267948966,-1.5585245407164354,7.380967142886666,-0.2669103290273178,0.43688201425983936
1636825140.4152918,0,0.0005113908451613756,1.4266648555036392,1.2495172158206957,-1.5556642304030452,1.4553170125242445,1.2495172158206957,-1.5556642304030452,1.4553170125242445,-1.2495172158206957,1.5556642304030452,-1.4553170125242445,1.5707963267948966,-1.5585245407164354,7.380967142886666,1.5707963267948966,-1.5556642304030452,7.380967142886666,-0.29130878841132424,0.4562247812857658
1636825140.434363,0,0.0013826493221029785,1.4266648555036392,1.2271285153409626,-1.5526924358983272,1.4260986642218523,1.2271285153409626,-1.5526924358983272,1.4260986642218523,-1.2271285153409626,1.5526924358983272,-1.4260986642218523,1.5707963267948966,-1.5556642304030452,7.380967142886666,1.5707963267948966,-1.5526924358983272,7.380967142886666,-0.2985435831046731,0.46168705511962144
1636825140.45496,0,0.0009470200836321772,1.4251308747157543,1.205604396910786,-1.533118455155954,1.416929471202956,1.205604396910786,-1.533118455155954,1.416929471202956,-1.205604396910786,1.533118455155954,-1.416929471202956,1.5707963267948966,-1.5526924358983272,7.380967142886666,1.5707963267948966,-1.533118455155954,7.380967142886666,-0.2912230217745567,0.46140829541209316
1636825140.4764013,0,0.0006060928535245934,1.4251308747157543,1.1853203255714722,-1.526264381077096,1.4360189899579026,1.1853203255714722,-1.526264381077096,1.4360189899579026,-1.1853203255714722,1.526264381077096,-1.4360189899579026,1.5707963267948966,-1.533118455155954,7.380967142886666,1.5707963267948966,-1.526264381077096,7.380967142886666,-0.29080532979367146,0.460165349364613
1636825140.4933598,0,0.0006060928535245934,1.4251308747157543,1.1658978486112677,-1.5239490370104645,1.4404913578876448,1.1658978486112677,-1.5239490370104645,1.4404913578876448,-1.1658978486112677,1.5239490370104645,-1.4404913578876448,1.5707963267948966,-1.526264381077096,7.380967142886666,1.5707963267948966,-1.5239490370104645,7.380967142886666,-0.29003399132147356,0.4603593433417195
1636825140.514511,0,7.576160669057416e-05,1.4266648555036392,1.1472577849517474,-1.541742822734185,1.4502334104263854,1.1472577849517474,-1.541742822734185,1.4502334104263854,-1.1472577849517474,1.541742822734185,-1.4502334104263854,1.5707963267948966,-1.5239490370104645,7.380967142886666,1.5707963267948966,-1.541742822734185,7.380967142886666,-0.2964800108095307,0.46149315370746546
1636825140.534167,0,3.788080334528708e-05,1.4251308747157543,1.129118780662606,-1.5292956317582447,1.42311775643577,1.129118780662606,-1.5292956317582447,1.42311775643577,-1.129118780662606,1.5292956317582447,-1.42311775643577,1.5707963267948966,-1.541742822734185,7.380967142886666,1.5707963267948966,-1.5292956317582447,7.380967142886666,-0.29054171442245336,0.4618163517985314
1636825140.5525386,0,3.788080334528708e-05,1.4251308747157543,1.112119973809782,-1.5250090755725225,1.4402695165976573,1.112119973809782,-1.5250090755725225,1.4402695165976573,-1.112119973809782,1.5250090755725225,-1.4402695165976573,1.5707963267948966,-1.5292956317582447,7.380967142886666,1.5707963267948966,-1.5250090755725225,7.380967142886666,-0.2903431412689539,0.45988589629432414
1636825140.5756223,0,0.0,1.4251308747157543,1.095471344981765,-1.5236025633304544,1.432401224396898,1.095471344981765,-1.5236025633304544,1.432401224396898,-1.095471344981765,1.5236025633304544,-1.432401224396898,1.5707963267948966,-1.5250090755725225,7.380967142886666,1.5707963267948966,-1.5236025633304544,7.380967142886666,-0.2887227257588112,0.4626437241442969
1636825140.593264,0,0.0,1.4251308747157547,1.0798776548848508,-1.5231268287366637,1.4443001828035253,1.0798776548848508,-1.5231268287366637,1.4443001828035253,-1.0798776548848508,1.5231268287366637,-1.4443001828035253,1.5707963267948966,-1.5236025633304544,7.380967142886666,1.5707963267948966,-1.5231268287366637,7.380967142886666,-0.28952073060311767,0.4600145730960078
1636825140.6171143,0,0.0,1.4251308747157543,1.0645519887047632,-1.5229886906698646,1.433821326020726,1.0645519887047632,-1.5229886906698646,1.433821326020726,-1.0645519887047632,1.5229886906698646,-1.433821326020726,1.5707963267948966,-1.5231268287366637,7.380967142886666,1.5707963267948966,-1.5229886906698646,7.380967142886666,-0.288415271345958,0.46267414796644457
1636825140.6339877,0,0.0,1.4266648555036392,1.050076277891953,-1.5226563707340515,1.4401538161023533,1.050076277891953,-1.5226563707340515,1.4401538161023533,-1.050076277891953,1.5226563707340515,-1.4401538161023533,1.5707963267948966,-1.5229886906698646,7.380967142886666,1.5707963267948966,-1.5226563707340515,7.380967142886666,-0.29040219443383164,0.46085188844352826
1636825140.6554003,0,0.0,1.42666485550364,1.0359382603774558,-1.541496709983643,1.4433396742143265,1.0359382603774558,-1.541496709983643,1.4433396742143265,-1.0359382603774558,1.541496709983643,-1.4433396742143265,1.5707963267948966,-1.5226563707340515,7.380967142886666,1.5707963267948966,-1.541496709983643,7.380967142886666,-0.2946885745179678,0.46361615759570285
1636825140.6732094,0,0.0,1.42666485550364,1.0224927030041309,-1.5289301985308261,1.4301278942082927,1.0224927030041309,-1.5289301985308261,1.4301278942082927,-1.0224927030041309,1.5289301985308261,-1.4301278942082927,1.5707963267948966,-1.541496709983643,7.380967142886666,1.5707963267948966,-1.5289301985308261,7.380967142886666,-0.29255200541045245,0.459853247410386
1636825140.7080774,0,0.0,1.4251308747157543,1.0095521741402775,-1.524491350287403,1.4342792222184606,1.0095521741402775,-1.524491350287403,1.4342792222184606,-1.0095521741402775,1.524491350287403,-1.4342792222184606,1.5707963267948966,-1.5289301985308261,7.380967142886666,1.5707963267948966,-1.524491350287403,7.380967142886666,-0.29177738974186174,0.46098276928015347
1636825140.71939,0,0.0,1.4251308747157543,0.9973084595051248,-1.523230141611058,1.4406395204172067,0.9973084595051248,-1.523230141611058,1.4406395204172067,-0.9973084595051248,1.523230141611058,-1.4406395204172067,1.5707963267948966,-1.524491350287403,7.380967142886666,1.5707963267948966,-1.523230141611058,7.380967142886666,-0.2903602572167696,0.4605247383614347
1636825140.7337532,0,0.0,1.4251308747157543,0.9855664596289674,-1.522827797728112,1.441711742918799,0.9855664596289674,-1.522827797728112,1.441711742918799,-0.9855664596289674,1.522827797728112,-1.441711742918799,1.5707963267948966,-1.523230141611058,7.380967142886666,1.5707963267948966,-1.522827797728112,7.380967142886666,-0.29011878116946443,0.4605255306953783
1636825140.7556107,0,0.0,1.4266648555036392,0.974054001693832,-1.5415653770870317,1.443429256598073,0.974054001693832,-1.5415653770870317,1.443429256598073,-0.974054001693832,1.5415653770870317,-1.443429256598073,1.5707963267948966,-1.522827797728112,7.380967142886666,1.5707963267948966,-1.5415653770870317,7.380967142886666,-0.29467034322813046,0.46357400831184326
1636825140.7741284,0,0.0,1.423596893927868,0.9629865819139303,-1.5287521035821445,1.4268678309506555,0.9629865819139303,-1.5287521035821445,1.4268678309506555,-0.9629865819139303,1.5287521035821445,-1.4268678309506555,1.5707963267948966,-1.5415653770870317,7.380967142886666,1.5707963267948966,-1.5287521035821445,7.380967142886666,-0.2933098882212678,0.46041458736567087
1636825140.793128,0,0.0,1.4266648555036392,0.9523665360528619,-1.5435053794339697,1.4391430013777935,0.9523665360528619,-1.5435053794339697,1.4391430013777935,-0.9523665360528619,1.5435053794339697,-1.4391430013777935,1.5707963267948966,-1.5287521035821445,7.380967142886666,1.5707963267948966,-1.5435053794339697,7.380967142886666,-0.2956137819407374,0.46344218217577426
1636825140.8354838,0,0.0,1.42666485550364,0.9325403927991047,-1.543925305604117,1.4420829407811881,0.9325403927991047,-1.543925305604117,1.4420829407811881,-0.9325403927991047,1.543925305604117,-1.4420829407811881,1.5707963267948966,-1.529390546492352,7.380967142886666,1.5707963267948966,-1.543925305604117,7.380967142886666,-0.29493257463972766,0.46282971210333884
1636825140.8531797,0,0.0,1.4266648555036392,0.9230409706713224,-1.5486168354077554,1.430154179890717,0.9230409706713224,-1.5486168354077554,1.430154179890717,-0.9230409706713224,1.5486168354077554,-1.430154179890717,1.5707963267948966,-1.543925305604117,7.380967142886666,1.5707963267948966,-1.5486168354077554,7.380967142886666,-0.2974727623199671,0.46277584390638477
1636825140.8738759,0,0.0,1.4266648555036392,0.9141231731109684,-1.51200009934341,1.4172386788972682,0.9141231731109684,-1.51200009934341,1.4172386788972682,-0.9141231731109684,1.51200009934341,-1.4172386788972682,1.5707963267948966,-1.5486168354077554,7.380967142886666,1.5707963267948966,-1.51200009934341,7.380967142886666,-0.2905286147759125,0.45776397484936115
1636825140.8937042,0,0.0,1.4251308747157543,0.9056530898914508,-1.5192176994118496,1.4402051037190995,0.9056530898914508,-1.5192176994118496,1.4402051037190995,-0.9056530898914508,1.5192176994118496,-1.4402051037190995,1.5707963267948966,-1.51200009934341,7.380967142886666,1.5707963267948966,-1.5192176994118496,7.380967142886666,-0.28715001211181224,0.4631887219642634
1636825140.913133,0,0.0,1.4266648555036396,0.8974229277874352,-1.5403646910322784,1.4458364336477012,0.8974229277874352,-1.5403646910322784,1.4458364336477012,-0.8974229277874352,1.5403646910322784,-1.4458364336477012,1.5707963267948966,-1.5192176994118496,7.380967142886666,1.5707963267948966,-1.5403646910322784,7.380967142886666,-0.29417229006631596,0.46368404864061036
1636825140.9364748,0,0.0,1.42666485550364,0.8895180823603643,-1.5476502447327563,1.4359888641335679,0.8895180823603643,-1.5476502447327563,1.4359888641335679,-0.8895180823603643,1.5476502447327563,-1.4359888641335679,1.5707963267948966,-1.5403646910322784,7.380967142886666,1.5707963267948966,-1.5476502447327563,7.380967142886666,-0.29616908550329435,0.46227920294680064
1636825140.9536948,0,0.0,1.42666485550364,0.8817511326068935,-1.5498486933453284,1.427645693455987,0.8817511326068935,-1.5498486933453284,1.427645693455987,-0.8817511326068935,1.5498486933453284,-1.427645693455987,1.5707963267948966,-1.5476502447327563,7.380967142886666,1.5707963267948966,-1.5498486933453284,7.380967142886666,-0.29802042283834396,0.46266070767287837
1636825140.9731996,0,0.0,1.4266648555036392,0.8742930317206591,-1.550560775891824,1.4259447415417201,0.8742930317206591,-1.550560775891824,1.4259447415417201,-0.8742930317206591,1.550560775891824,-1.4259447415417201,1.5707963267948966,-1.5498486933453284,7.380967142886666,1.5707963267948966,-1.550560775891824,7.380967142886666,-0.2984009911625528,0.4626301243612694
1636825140.9934616,0,0.0,1.42666485550364,0.8674949673713518,-1.5508083221691642,1.4367152726519894,0.8674949673713518,-1.5508083221691642,1.4367152726519894,-0.8674949673713518,1.5508083221691642,-1.4367152726519894,1.5707963267948966,-1.550560775891824,7.380967142886666,1.5707963267948966,-1.5508083221691642,7.380967142886666,-0.29942056223755187,0.4598875339559657
1636825141.0142367,0,0.0,1.42666485550364,0.8606749251729433,-1.5510440261865428,1.428043314008196,0.8606749251729433,-1.5510440261865428,1.428043314008196,-0.8606749251729433,1.5510440261865428,-1.428043314008196,1.5707963267948966,-1.5508083221691642,7.380967142886666,1.5707963267948966,-1.5510440261865428,7.380967142886666,-0.2979320746138612,0.4621131599232796
1636825141.0376906,0,0.0,1.4266648555036392,0.8540667962520281,-1.550963331355494,1.4252459112366398,0.8540667962520281,-1.550963331355494,1.4252459112366398,-0.8540667962520281,1.550963331355494,-1.4252459112366398,1.5707963267948966,-1.5510440261865428,7.380967142886666,1.5707963267948966,-1.550963331355494,7.380967142886666,-0.29854886624044685,0.46257523947119156
1636825141.058614,0,0.0,1.4266648555036392,0.8477646512964689,-1.5322563016754982,1.4158887874135901,0.8477646512964689,-1.5322563016754982,1.4158887874135901,-0.8477646512964689,1.5322563016754982,-1.4158887874135901,1.5707963267948966,-1.550963331355494,7.380967142886666,1.5707963267948966,-1.5322563016754982,7.380967142886666,-0.2922619073813816,0.4616831487386839
1636825141.073844,0,0.0,1.4251308747157543,0.8417113923875386,-1.526251269487828,1.4205315064713,0.8417113923875386,-1.526251269487828,1.4205315064713,-0.8417113923875386,1.526251269487828,-1.4205315064713,1.5707963267948966,-1.5322563016754982,7.380967142886666,1.5707963267948966,-1.526251269487828,7.380967142886666,-0.2878930017973873,0.4643909256410012
1636825141.0931053,0,0.0,1.4251308747157547,0.8361437762034083,-1.524064996443181,1.432457287401582,0.8361437762034083,-1.524064996443181,1.432457287401582,-0.8361437762034083,1.524064996443181,-1.432457287401582,1.5707963267948966,-1.526251269487828,7.380967142886666,1.5707963267948966,-1.524064996443181,7.380967142886666,-0.2887188290903051,0.46244435380002025
1636825141.113383,0,0.0,1.4251308747157543,0.8308972232032789,-1.5229656336392283,1.4388840472060251,0.8308972232032789,-1.5229656336392283,1.4388840472060251,-0.8308972232032789,1.5229656336392283,-1.4388840472060251,1.5707963267948966,-1.524064996443181,7.380967142886666,1.5707963267948966,-1.5229656336392283,7.380967142886666,-0.29075180737471495,0.46090048842671416
1636825141.1393354,0,0.0,1.4266648555036392,0.8259384583268259,-1.5227531384477593,1.4421696774147819,0.8259384583268259,-1.5227531384477593,1.4421696774147819,-0.8259384583268259,1.5227531384477593,-1.4421696774147819,1.5707963267948966,-1.5229656336392283,7.380967142886666,1.5707963267948966,-1.5227531384477593,7.380967142886666,-0.2900386537925397,0.460479594574041
1636825141.1562688,0,0.0,1.4266648555036392,0.8209295065201715,-1.5415594187956434,1.4438371600875417,0.8209295065201715,-1.5415594187956434,1.4438371600875417,-0.8209295065201715,1.5415594187956434,-1.4438371600875417,1.5707963267948966,-1.5227531384477593,7.380967142886666,1.5707963267948966,-1.5415594187956434,7.380967142886666,-0.29459462843455353,0.4635097027271429
1636825141.1765752,0,0.0,1.4266648555036392,0.8162091226391147,-1.5476495196141804,1.439883965551394,0.8162091226391147,-1.5476495196141804,1.439883965551394,-0.8162091226391147,1.5476495196141804,-1.439883965551394,1.5707963267948966,-1.5415594187956434,7.380967142886666,1.5707963267948966,-1.5476495196141804,7.380967142886666,-0.2987766354023449,0.46067164992487564
1636825141.1936798,0,0.0,1.4266648555036392,0.8114252526757552,-1.549867256102496,1.4279534537412097,0.8114252526757552,-1.549867256102496,1.4279534537412097,-0.8114252526757552,1.549867256102496,-1.4279534537412097,1.5707963267948966,-1.5476495196141804,7.380967142886666,1.5707963267948966,-1.549867256102496,7.380967142886666,-0.29795084639419644,0.46260642865554424
1636825141.2168229,0,0.0,1.4266648555036392,0.806831886660474,-1.55057562223964,1.4260958369993915,0.806831886660474,-1.55057562223964,1.4260958369993915,-0.806831886660474,1.55057562223964,-1.4260958369993915,1.5707963267948966,-1.549867256102496,7.380967142886666,1.5707963267948966,-1.55057562223964,7.380967142886666,-0.29837339723393763,0.4625992283885447
1636825141.2539518,0,0.0,1.4266648555036392,0.8024969559701967,-1.5504049067758672,1.4301509434887212,0.8024969559701967,-1.5504049067758672,1.4301509434887212,-0.8024969559701967,1.5504049067758672,-1.4301509434887212,1.5707963267948966,-1.55057562223964,7.380967142886666,1.5707963267948966,-1.5504049067758672,7.380967142886666,-0.3009416731847997,0.4610375087324938
1636825141.2553372,0,0.0,1.4251308747157543,0.7984785974507724,-1.5505676289245494,1.4337775115458133,0.7984785974507724,-1.5505676289245494,1.4337775115458133,-0.7984785974507724,1.5505676289245494,-1.4337775115458133,1.5707963267948966,-1.5504049067758672,7.380967142886666,1.5707963267948966,-1.5505676289245494,7.380967142886666,-0.3001006785264021,0.46042686463179416
1636825141.2743902,0,0.0,1.4266648555036396,0.7946194580277871,-1.5506323416748062,1.4338222780571315,0.7946194580277871,-1.5506323416748062,1.4338222780571315,-0.7946194580277871,1.5506323416748062,-1.4338222780571315,1.5707963267948966,-1.5505676289245494,7.380967142886666,1.5707963267948966,-1.5506323416748062,7.380967142886666,-0.30008226831021223,0.4603961337466333
1636825141.2964516,0,0.0,1.4266648555036392,0.7907000115266366,-1.5508490276669549,1.4258716463836463,0.7907000115266366,-1.5508490276669549,1.4258716463836463,-0.7907000115266366,1.5508490276669549,-1.4258716463836463,1.5707963267948966,-1.5506323416748062,7.380967142886666,1.5707963267948966,-1.5508490276669549,7.380967142886666,-0.29840690185313024,0.46252693871163686
1636825141.315034,0,0.0,1.42666485550364,0.7869461031953376,-1.550900038549934,1.4254365454403164,0.7869461031953376,-1.550900038549934,1.4254365454403164,-0.7869461031953376,1.550900038549934,-1.4254365454403164,1.5707963267948966,-1.5508490276669549,7.380967142886666,1.5707963267948966,-1.550900038549934,7.380967142886666,-0.29851923864883656,0.46256814694956794
1636825141.3372853,0,0.0,1.4251308747157547,0.7834532993562059,-1.5318404754710468,1.4206472234073795,0.7834532993562059,-1.5318404754710468,1.4206472234073795,-0.7834532993562059,1.5318404754710468,-1.4206472234073795,1.5707963267948966,-1.550900038549934,7.380967142886666,1.5707963267948966,-1.5318404754710468,7.380967142886666,-0.2946811258401566,0.4601115680675545
1636825141.3542795,0,0.0,1.4266648555036392,0.7805659560969743,-1.544150434524244,1.4531663239079085,0.7805659560969743,-1.544150434524244,1.4531663239079085,-0.7805659560969743,1.544150434524244,-1.4531663239079085,1.5707963267948966,-1.5318404754710468,7.380967142886666,1.5707963267948966,-1.544150434524244,7.380967142886666,-0.2993896644821177,0.45902635121213853
1636825141.3738155,0,0.0,1.4266648555036392,0.7772895547460695,-1.5483364816870744,1.4353285901195774,0.7772895547460695,-1.5483364816870744,1.4353285901195774,-0.7772895547460695,1.5483364816870744,-1.4353285901195774,1.5707963267948966,-1.544150434524244,7.380967142886666,1.5707963267948966,-1.5483364816870744,7.380967142886666,-0.2997823650254722,0.4610904902242343
1636825141.393402,0,0.0,1.4266648555036392,0.7742332731490539,-1.5502966153076798,1.4307781786231502,0.7742332731490539,-1.5502966153076798,1.4307781786231502,-0.7742332731490539,1.5502966153076798,-1.4307781786231502,1.5707963267948966,-1.5483364816870744,7.380967142886666,1.5707963267948966,-1.5502966153076798,7.380967142886666,-0.29730341925717807,0.4620053542191138
1636825141.4156451,0,0.0,1.4266648555036392,0.7712920694367802,-1.550938988820598,1.4293644168962882,0.7712920694367802,-1.550938988820598,1.4293644168962882,-0.7712920694367802,1.550938988820598,-1.4293644168962882,1.5707963267948966,-1.5502966153076798,7.380967142886666,1.5707963267948966,-1.550938988820598,7.380967142886666,-0.29761340128224567,0.4619612081643808
1636825141.4377913,0,0.0,1.4266648555036392,0.7683249985658093,-1.5509417976285391,1.425555444264817,0.7683249985658093,-1.5509417976285391,1.425555444264817,-0.7683249985658093,1.5509417976285391,-1.425555444264817,1.5707963267948966,-1.550938988820598,7.380967142886666,1.5707963267948966,-1.5509417976285391,7.380967142886666,-0.2984866428062144,0.46253475883759587
1636825141.4529383,0,0.0,1.4251308747157543,0.7655317963023168,-1.5322595507520325,1.4161004874422858,0.7655317963023168,-1.5322595507520325,1.4161004874422858,-0.7655317963023168,1.5322595507520325,-1.4161004874422858,1.5707963267948966,-1.5509417976285391,7.380967142886666,1.5707963267948966,-1.5322595507520325,7.380967142886666,-0.29222283244603975,0.4616471279190749
1636825141.4741309,0,0.0,1.4266648555036392,0.7629418061196194,-1.544668955713419,1.4369246049284303,0.7629418061196194,-1.544668955713419,1.4369246049284303,-0.7629418061196194,1.544668955713419,-1.4369246049284303,1.5707963267948966,-1.5322595507520325,7.380967142886666,1.5707963267948966,-1.544668955713419,7.380967142886666,-0.2961232992157832,0.4633028158587314
1636825141.4933853,0,0.0,1.4266648555036392,0.7604984489202294,-1.5486035763057708,1.4367429983797553,0.7604984489202294,-1.5486035763057708,1.4367429983797553,-0.7604984489202294,1.5486035763057708,-1.4367429983797553,1.5707963267948966,-1.544668955713419,7.380967142886666,1.5707963267948966,-1.5486035763057708,7.380967142886666,-0.2995227744699267,0.46074947707830566
1636825141.51637,0,0.0,1.4266648555036392,0.7582656136229488,-1.5505996739448091,1.4340517728542466,0.7582656136229488,-1.5505996739448091,1.4340517728542466,-0.7582656136229488,1.5505996739448091,-1.4340517728542466,1.5707963267948966,-1.5486035763057708,7.380967142886666,1.5707963267948966,-1.5505996739448091,7.380967142886666,-0.29654449959522033,0.46139048598070065
1636825141.53398,0,0.0,1.4266648555036392,0.7558272753936943,-1.5508427831182798,1.4259793111349435,0.7558272753936943,-1.5508427831182798,1.4259793111349435,-0.7558272753936943,1.5508427831182798,-1.4259793111349435,1.5707963267948966,-1.5505996739448091,7.380967142886666,1.5707963267948966,-1.5508427831182798,7.380967142886666,-0.29838622437309914,0.46251206975165093
1636825141.5568047,0,0.0,1.4251308747157543,0.7535276706807958,-1.5322289620603464,1.4162045884456256,0.7535276706807958,-1.5322289620603464,1.4162045884456256,-0.7535276706807958,1.5322289620603464,-1.4162045884456256,1.5707963267948966,-1.5508427831182798,7.380967142886666,1.5707963267948966,-1.5322289620603464,7.380967142886666,-0.29220049920533253,0.4616434301629487
1636825141.5743592,0,0.0,1.4266648555036392,0.7515693876363547,-1.544868496313439,1.4403266285380685,0.7515693876363547,-1.544868496313439,1.4403266285380685,-0.7515693876363547,1.544868496313439,-1.4403266285380685,1.5707963267948966,-1.5322289620603464,7.380967142886666,1.5707963267948966,-1.544868496313439,7.380967142886666,-0.2953402963128354,0.46270916040289034
1636825141.6638465,0,0.0,1.42666485550364,0.7473746579475801,-1.5502805056144422,1.4268875492825863,0.7473746579475801,-1.5502805056144422,1.4268875492825863,-0.7473746579475801,1.5502805056144422,-1.4268875492825863,1.5707963267948966,-1.5489470459963388,7.380967142886666,1.5707963267948966,-1.5502805056144422,7.380967142886666,-0.2982059827004032,0.46259583919419167
1636825141.6742616,0,0.0,1.42666485550364,0.7453888884567426,-1.5507177974339634,1.425929865094064,0.7453888884567426,-1.5507177974339634,1.425929865094064,-0.7453888884567426,1.5507177974339634,-1.425929865094064,1.5707963267948966,-1.5502805056144422,7.380967142886666,1.5707963267948966,-1.5507177974339634,7.380967142886666,-0.2984157247331021,0.46256513031266083
1636825141.6885908,0,0.0,1.42666485550364,0.7434818624320162,-1.5508614085350902,1.4256194768364527,0.7434818624320162,-1.5508614085350902,1.4256194768364527,-0.7434818624320162,1.5508614085350902,-1.4256194768364527,1.5707963267948966,-1.5507177974339634,7.380967142886666,1.5707963267948966,-1.5508614085350902,7.380967142886666,-0.2984837695638819,0.4625543910284535
1636825141.6973364,0,0.0,1.42666485550364,0.7418478117887001,-1.531969329546087,1.4231012098583378,0.7418478117887001,-1.531969329546087,1.4231012098583378,-0.7418478117887001,1.531969329546087,-1.4231012098583378,1.5707963267948966,-1.5508614085350902,7.380967142886666,1.5707963267948966,-1.531969329546087,7.380967142886666,-0.29416201729372426,0.4596761694577659
1636825141.7055197,0,0.0,1.42666485550364,0.740218268022214,-1.544593852903023,1.4374291678693178,0.740218268022214,-1.544593852903023,1.4374291678693178,-0.740218268022214,1.544593852903023,-1.4374291678693178,1.5707963267948966,-1.531969329546087,7.380967142886666,1.5707963267948966,-1.544593852903023,7.380967142886666,-0.29600072328479177,0.4632592804556772
1636825141.7189739,0,0.0,1.4266648555036392,0.7388045515515964,-1.5299809811537743,1.4285680635032763,0.7388045515515964,-1.5299809811537743,1.4285680635032763,-0.7388045515515964,1.5299809811537743,-1.4285680635032763,1.5707963267948966,-1.544593852903023,7.380967142886666,1.5707963267948966,-1.5299809811537743,7.380967142886666,-0.29291730452366815,0.4596584753133768
1636825141.733121,0,0.0,1.42666485550364,0.7373077791305607,-1.5439452454243114,1.4389092105826613,0.7373077791305607,-1.5439452454243114,1.4389092105826613,-0.7373077791305607,1.5439452454243114,-1.4389092105826613,1.5707963267948966,-1.5299809811537743,7.380967142886666,1.5707963267948966,-1.5439452454243114,7.380967142886666,-0.29567486229606144,0.46329616372382976
1636825141.7535424,0,0.0,1.4251308747157538,0.7357651372735838,-1.5486364687804914,1.430438748500828,0.7357651372735838,-1.5486364687804914,1.430438748500828,-0.7357651372735838,1.5486364687804914,-1.430438748500828,1.5707963267948966,-1.5439452454243114,7.380967142886666,1.5707963267948966,-1.5486364687804914,7.380967142886666,-0.2974348885202679,0.4627169385003028
1636825141.7735646,0,0.0,1.4266648555036396,0.7343307097861611,-1.550251595732625,1.4281599733747372,0.7343307097861611,-1.550251595732625,1.4281599733747372,-0.7343307097861611,1.550251595732625,-1.4281599733747372,1.5707963267948966,-1.5486364687804914,7.380967142886666,1.5707963267948966,-1.550251595732625,7.380967142886666,-0.29787525980224494,0.46242699710987795
1636825141.7935128,0,0.0,1.4266648555036392,0.7328753869118574,-1.5507130771274404,1.426025197706033,0.7328753869118574,-1.5507130771274404,1.426025197706033,-0.7328753869118574,1.5507130771274404,-1.426025197706033,1.5707963267948966,-1.550251595732625,7.380967142886666,1.5707963267948966,-1.5507130771274404,7.380967142886666,-0.2983933095900828,0.4625528316981591
1636825141.816414,0,0.0,1.4266648555036392,0.7315117269102928,-1.5321883256511493,1.4163380529593197,0.7315117269102928,-1.5321883256511493,1.4163380529593197,-0.7315117269102928,1.5321883256511493,-1.4163380529593197,1.5707963267948966,-1.5507130771274404,7.380967142886666,1.5707963267948966,-1.5321883256511493,7.380967142886666,-0.29217388608913053,0.4616386788918807
1636825141.832935,0,0.0,1.4266648555036392,0.7303080256851456,-1.5446495997669305,1.4370520630771362,0.7303080256851456,-1.5446495997669305,1.4370520630771362,-0.7303080256851456,1.5446495997669305,-1.4370520630771362,1.5707963267948966,-1.5321883256511493,7.380967142886666,1.5707963267948966,-1.5446495997669305,7.380967142886666,-0.29609825915798005,0.46329024834393495
1636825141.8541934,0,0.0,1.4251308747157543,0.7292235135840953,-1.5304023263723985,1.423972698299934,0.7292235135840953,-1.5304023263723985,1.423972698299934,-0.7292235135840953,1.5304023263723985,-1.423972698299934,1.5707963267948966,-1.5446495997669305,7.380967142886666,1.5707963267948966,-1.5304023263723985,7.380967142886666,-0.2904697104720053,0.46120057894305855
1636825141.8733923,0,0.0,1.42666485550364,0.7284099550412965,-1.543477220094946,1.4509715844044706,0.7284099550412965,-1.543477220094946,1.4509715844044706,-0.7284099550412965,1.543477220094946,-1.4509715844044706,1.5707963267948966,-1.5304023263723985,7.380967142886666,1.5707963267948966,-1.543477220094946,7.380967142886666,-0.29991407195822106,0.45962543162827224
1636825141.8930502,0,0.0,1.4266648555036392,0.7272964158644348,-1.5481115549615527,1.4357859601797405,0.7272964158644348,-1.5481115549615527,1.4357859601797405,-0.7272964158644348,1.5481115549615527,-1.4357859601797405,1.5707963267948966,-1.543477220094946,7.380967142886666,1.5707963267948966,-1.5481115549615527,7.380967142886666,-0.2996954476211451,0.46110784427664603
1636825141.9175496,0,0.0,1.4266648555036392,0.7261355196670215,-1.5500201756180243,1.4276932439850745,0.7261355196670215,-1.5500201756180243,1.4276932439850745,-0.7261355196670215,1.5500201756180243,-1.4276932439850745,1.5707963267948966,-1.5481115549615527,7.380967142886666,1.5707963267948966,-1.5500201756180243,7.380967142886666,-0.2980225757083925,0.462579901790991
1636825141.934017,0,0.0,1.4266648555036392,0.7250161216841439,-1.5506354360632124,1.4261718659451534,0.7250161216841439,-1.5506354360632124,1.4261718659451534,-0.7250161216841439,1.5506354360632124,-1.4261718659451534,1.5707963267948966,-1.5500201756180243,7.380967142886666,1.5707963267948966,-1.5506354360632124,7.380967142886666,-0.2983641597286585,0.4625610135578535
1636825141.9530854,0,0.0,1.4266648555036392,0.7239941074613744,-1.5509085406664354,1.4267486179983224,0.7239941074613744,-1.5509085406664354,1.4267486179983224,-0.7239941074613744,1.5509085406664354,-1.4267486179983224,1.5707963267948966,-1.5506354360632124,7.380967142886666,1.5707963267948966,-1.5509085406664354,7.380967142886666,-0.2981845899380893,0.4623765837493905
1636825141.973661,0,0.0,1.4251308747157543,0.7231327782950476,-1.5324646958545411,1.4196135832360035,0.7231327782950476,-1.5324646958545411,1.4196135832360035,-0.7231327782950476,1.5324646958545411,-1.4196135832360035,1.5707963267948966,-1.5509085406664354,7.380967142886666,1.5707963267948966,-1.5324646958545411,7.380967142886666,-0.29141575351908544,0.46103402726686393
1636825141.9950707,0,0.0,1.4266648555036392,0.7222654846890698,-1.544751782615415,1.4370204905031887,0.7222654846890698,-1.544751782615415,1.4370204905031887,-0.7222654846890698,1.544751782615415,-1.4370204905031887,1.5707963267948966,-1.5324646958545411,7.380967142886666,1.5707963267948966,-1.544751782615415,7.380967142886666,-0.2960971576146051,0.46325583388625163
1636825142.0129702,0,0.0,1.4266648555036392,0.7213318131210693,-1.548902271646956,1.4298860052921398,0.7213318131210693,-1.548902271646956,1.4298860052921398,-0.7213318131210693,1.548902271646956,-1.4298860052921398,1.5707963267948966,-1.544751782615415,7.380967142886666,1.5707963267948966,-1.548902271646956,7.380967142886666,-0.2975573586587956,0.462693340653064
1636825142.0338402,0,0.0,1.4266648555036392,0.7204138787177861,-1.5502687017696912,1.4269767429625797,0.7204138787177861,-1.5502687017696912,1.4269767429625797,-0.7204138787177861,1.5502687017696912,-1.4269767429625797,1.5707963267948966,-1.548902271646956,7.380967142886666,1.5707963267948966,-1.5502687017696912,7.380967142886666,-0.29818916819709673,0.46258612918259756
1636825142.0551093,0,0.0,1.4266648555036392,0.7196503419825182,-1.5316413310074148,1.421251320461553,0.7196503419825182,-1.5316413310074148,1.421251320461553,-0.7196503419825182,1.5316413310074148,-1.421251320461553,1.5707963267948966,-1.5502687017696912,7.380967142886666,1.5707963267948966,-1.5316413310074148,7.380967142886666,-0.2945545331259374,0.4600980449199856
1636825142.0740988,0,0.0,1.4251308747157543,0.7191797931576654,-1.5256140456022762,1.4362186207843934,0.7191797931576654,-1.5256140456022762,1.4362186207843934,-0.7191797931576654,1.5256140456022762,-1.4362186207843934,1.5707963267948966,-1.5316413310074148,7.380967142886666,1.5707963267948966,-1.5256140456022762,7.380967142886666,-0.2913466734148368,0.46022894280661986
1636825142.0975938,0,0.0,1.42666485550364,0.7186476119995576,-1.5047612605651475,1.42795678428491,0.7186476119995576,-1.5047612605651475,1.42795678428491,-0.7186476119995576,1.5047612605651475,-1.42795678428491,1.5707963267948966,-1.5256140456022762,7.380967142886666,1.5707963267948966,-1.5047612605651475,7.380967142886666,-0.28484909239285316,0.4600335439918399
1636825142.114893,0,0.0,1.4266648555036392,0.7183287440612696,-1.5165854071505676,1.4525315400716154,0.7183287440612696,-1.5165854071505676,1.4525315400716154,-0.7183287440612696,1.5165854071505676,-1.4525315400716154,1.5707963267948966,-1.5047612605651475,7.380967142886666,1.5707963267948966,-1.5165854071505676,7.380967142886666,-0.2879513583307334,0.46134368297325046
1636825142.1337457,0,0.0,1.4266648555036392,0.7178074828595116,-1.539612043324345,1.449409369485668,0.7178074828595116,-1.539612043324345,1.449409369485668,-0.7178074828595116,1.539612043324345,-1.449409369485668,1.5707963267948966,-1.5165854071505676,7.380967142886666,1.5707963267948966,-1.539612043324345,7.380967142886666,-0.2933388690791897,0.46345560872569147
1636825142.1550572,0,0.0,1.4266648555036392,0.7170797597351404,-1.5472205162993005,1.4336374539685233,0.7170797597351404,-1.5472205162993005,1.4336374539685233,-0.7170797597351404,1.5472205162993005,-1.4336374539685233,1.5707963267948966,-1.539612043324345,7.380967142886666,1.5707963267948966,-1.5472205162993005,7.380967142886666,-0.2967349156231317,0.4628011707045848
1636825142.1753788,0,0.0,1.4266648555036392,0.7163432976479143,-1.549717902847989,1.428198612220744,0.7163432976479143,-1.549717902847989,1.428198612220744,-0.7163432976479143,1.549717902847989,-1.428198612220744,1.5707963267948966,-1.5472205162993005,7.380967142886666,1.5707963267948966,-1.549717902847989,7.380967142886666,-0.2979222191151599,0.4626222186969764
1636825142.1956105,0,0.0,1.42666485550364,0.7156989925106542,-1.5501343127066,1.4309711011271569,0.7156989925106542,-1.5501343127066,1.4309711011271569,-0.7156989925106542,1.5501343127066,-1.4309711011271569,1.5707963267948966,-1.549717902847989,7.380967142886666,1.5707963267948966,-1.5501343127066,7.380967142886666,-0.30076984908010973,0.46101922677546897
1636825142.2133253,0,0.0,1.4251308747157543,0.7151090765626874,-1.5316078625004064,1.421499629546291,0.7151090765626874,-1.5316078625004064,1.421499629546291,-0.7151090765626874,1.5316078625004064,-1.421499629546291,1.5707963267948966,-1.5501343127066,7.380967142886666,1.5707963267948966,-1.5316078625004064,7.380967142886666,-0.2944923564632631,0.4600757384221412
1636825142.233405,0,0.0,1.4266648555036396,0.7145728980906123,-1.5444717383110538,1.4376546261384506,0.7145728980906123,-1.5444717383110538,1.4376546261384506,-0.7145728980906123,1.5444717383110538,-1.4376546261384506,1.5707963267948966,-1.5316078625004064,7.380967142886666,1.5707963267948966,-1.5444717383110538,7.380967142886666,-0.29595918791363485,0.4632720293606078
1636825142.255532,0,0.0,1.4251308747157543,0.7139876021452313,-1.5301381975066968,1.420789867811592,0.7139876021452313,-1.5301381975066968,1.420789867811592,-0.7139876021452313,1.5301381975066968,-1.420789867811592,1.5707963267948966,-1.5444717383110538,7.380967142886666,1.5707963267948966,-1.5301381975066968,7.380967142886666,-0.2912066783828786,0.4617862339358069
1636825142.2764142,0,0.0,1.4266648555036392,0.7135825185410843,-1.5435765266910384,1.4431301365562965,0.7135825185410843,-1.5435765266910384,1.4431301365562965,-0.7135825185410843,1.5435765266910384,-1.4431301365562965,1.5707963267948966,-1.5301381975066968,7.380967142886666,1.5707963267948966,-1.5435765266910384,7.380967142886666,-0.29822473770237123,0.4617843353485906
1636825142.292923,0,0.0,1.42666485550364,0.7130051266280958,-1.5485275460650905,1.4308863315560574,0.7130051266280958,-1.5485275460650905,1.4308863315560574,-0.7130051266280958,1.5485275460650905,-1.4308863315560574,1.5707963267948966,-1.5435765266910384,7.380967142886666,1.5707963267948966,-1.5485275460650905,7.380967142886666,-0.29733142856923334,0.46269400757377455
1636825142.3137321,0,0.0,1.4266648555036392,0.7126451537788077,-1.549952715987949,1.4351907034853666,0.7126451537788077,-1.549952715987949,1.4351907034853666,-0.7126451537788077,1.549952715987949,-1.4351907034853666,1.5707963267948966,-1.5485275460650905,7.380967142886666,1.5707963267948966,-1.549952715987949,7.380967142886666,-0.29980720978751507,0.46045514039970903
1636825142.332912,0,0.0,1.4266648555036392,0.7122859319701731,-1.5504404164061416,1.4344516541337897,0.7122859319701731,-1.5504404164061416,1.4344516541337897,-0.7122859319701731,1.5504404164061416,-1.4344516541337897,1.5707963267948966,-1.549952715987949,7.380967142886666,1.5707963267948966,-1.5504404164061416,7.380967142886666,-0.29995210353477453,0.46037520892728107
1636825142.3532548,0,0.0,1.4251308747157543,0.711755200967676,-1.5321226479690844,1.4168796607662149,0.711755200967676,-1.5321226479690844,1.4168796607662149,-0.711755200967676,1.5321226479690844,-1.4168796607662149,1.5707963267948966,-1.5504404164061416,7.380967142886666,1.5707963267948966,-1.5321226479690844,7.380967142886666,-0.2920396355577717,0.46158664355485385
1636825142.3780127,0,0.0,1.4266648555036392,0.7113563568535111,-1.5446313458361782,1.43715705752909,0.7113563568535111,-1.5446313458361782,1.43715705752909,-0.7113563568535111,1.5446313458361782,-1.43715705752909,1.5707963267948966,-1.5321226479690844,7.380967142886666,1.5707963267948966,-1.5446313458361782,7.380967142886666,-0.2960761547664075,0.46328126671740144
1636825142.3946288,0,0.0,1.4266648555036392,0.7108678468713681,-1.5488636420610546,1.4299912035731874,0.7108678468713681,-1.5488636420610546,1.4299912035731874,-0.7108678468713681,1.5488636420610546,-1.4299912035731874,1.5707963267948966,-1.5446313458361782,7.380967142886666,1.5707963267948966,-1.5488636420610546,7.380967142886666,-0.2975356092529885,0.46269250811180646
1636825142.4135838,0,0.0,1.4266648555036392,0.7103763969303042,-1.5502572526628042,1.4270278062437005,0.7103763969303042,-1.5502572526628042,1.4270278062437005,-0.7103763969303042,1.5502572526628042,-1.4270278062437005,1.5707963267948966,-1.5488636420610546,7.380967142886666,1.5707963267948966,-1.5502572526628042,7.380967142886666,-0.2981788832917094,0.46258267248627816
1636825142.4336889,0,0.0,1.4266648555036392,0.7100061256329474,-1.5316387028724103,1.4212812603828722,0.7100061256329474,-1.5316387028724103,1.4212812603828722,-0.7100061256329474,1.5316387028724103,-1.4212812603828722,1.5707963267948966,-1.5502572526628042,7.380967142886666,1.5707963267948966,-1.5316387028724103,7.380967142886666,-0.2945488575351256,0.4600942514437834
1636825142.4547446,0,0.0,1.42666485550364,0.7098539725482261,-1.526016984496368,1.4316754287411415,0.7098539725482261,-1.526016984496368,1.4316754287411415,-0.7098539725482261,1.526016984496368,-1.4316754287411415,1.5707963267948966,-1.5316387028724103,7.380967142886666,1.5707963267948966,-1.526016984496368,7.380967142886666,-0.2888870183853013,0.46177069868752785
1636825142.4736106,0,0.0,1.4266648555036392,0.7097039398563402,-1.5428415094185413,1.4449620616352996,0.7097039398563402,-1.5428415094185413,1.4449620616352996,-0.7097039398563402,1.5428415094185413,-1.4449620616352996,1.5707963267948966,-1.526016984496368,7.380967142886666,1.5707963267948966,-1.5428415094185413,7.380967142886666,-0.2943263828767304,0.46282093160286797
1636825142.4931033,0,0.0,1.4266648555036392,0.7092879880774279,-1.5482875684309745,1.4314320923248278,0.7092879880774279,-1.5482875684309745,1.4314320923248278,-0.7092879880774279,1.5482875684309745,-1.4314320923248278,1.5707963267948966,-1.5428415094185413,7.380967142886666,1.5707963267948966,-1.5482875684309745,7.380967142886666,-0.2972119362278848,0.46270774166131956
1636825142.5170925,0,0.0,1.4251308747157543,0.7089716997738146,-1.5309932001356408,1.422704370350953,0.7089716997738146,-1.5309932001356408,1.422704370350953,-0.7089716997738146,1.5309932001356408,-1.422704370350953,1.5707963267948966,-1.5482875684309745,7.380967142886666,1.5707963267948966,-1.5309932001356408,7.380967142886666,-0.29423757510355375,0.46013801564983303
1636825142.5333061,0,0.0,1.4251308747157543,0.7088648682765105,-1.5258054607873448,1.4321424851185507,0.7088648682765105,-1.5258054607873448,1.4321424851185507,-0.7088648682765105,1.5258054607873448,-1.4321424851185507,1.5707963267948966,-1.5309932001356408,7.380967142886666,1.5707963267948966,-1.5258054607873448,7.380967142886666,-0.2887849630580106,0.46178489806893025
1636825142.5563996,0,0.0,1.42666485550364,0.7086136434671082,-1.5425641328133008,1.4417637317354082,0.7086136434671082,-1.5425641328133008,1.4417637317354082,-0.7086136434671082,1.5425641328133008,-1.4417637317354082,1.5707963267948966,-1.5258054607873448,7.380967142886666,1.5707963267948966,-1.5425641328133008,7.380967142886666,-0.295065905222038,0.4634146106981289
1636825142.5735137,0,0.0,1.42666485550364,0.7084794270327801,-1.5479917949039042,1.4394072761653547,0.7084794270327801,-1.5479917949039042,1.4394072761653547,-0.7084794270327801,1.5479917949039042,-1.4394072761653547,1.5707963267948966,-1.5425641328133008,7.380967142886666,1.5707963267948966,-1.5479917949039042,7.380967142886666,-0.2988905193572494,0.46060285868156225
1636825142.595568,0,0.0,1.4266648555036392,0.7082294781214789,-1.5497259323901957,1.4348444827256732,0.7082294781214789,-1.5497259323901957,1.4348444827256732,-0.7082294781214789,1.5497259323901957,-1.4348444827256732,1.5707963267948966,-1.5479917949039042,7.380967142886666,1.5707963267948966,-1.5497259323901957,7.380967142886666,-0.29992072605860143,0.4605897735520551
1636825142.6154869,0,0.0,1.42666485550364,0.7079052118185917,-1.5506304960018187,1.4276964667453809,0.7079052118185917,-1.5506304960018187,1.4276964667453809,-0.7079052118185917,1.5506304960018187,-1.4276964667453809,1.5707963267948966,-1.5497259323901957,7.380967142886666,1.5707963267948966,-1.5506304960018187,7.380967142886666,-0.2979637398810706,0.4623478259285864
1636825142.6362255,0,0.0,1.4251308747157543,0.7075242812341714,-1.5508412570322343,1.425823409173494,0.7075242812341714,-1.5508412570322343,1.425823409173494,-0.7075242812341714,1.5508412570322343,-1.425823409173494,1.5707963267948966,-1.5506304960018187,7.380967142886666,1.5707963267948966,-1.5508412570322343,7.380967142886666,-0.2984389474992093,0.46253126470510497
1636825142.6532733,0,0.0,1.42666485550364,0.7072293332841288,-1.550978277876691,1.4266423772898227,0.7072293332841288,-1.550978277876691,1.4266423772898227,-0.7072293332841288,1.550978277876691,-1.4266423772898227,1.5707963267948966,-1.5508412570322343,7.380967142886666,1.5707963267948966,-1.550978277876691,7.380967142886666,-0.2982091156155663,0.4623641671933383
1636825142.6736283,0,0.0,1.4251308747157543,0.7069826112825185,-1.5318787501605093,1.420815125062615,0.7069826112825185,-1.5318787501605093,1.420815125062615,-0.7069826112825185,1.5318787501605093,-1.420815125062615,1.5707963267948966,-1.550978277876691,7.380967142886666,1.5707963267948966,-1.5318787501605093,7.380967142886666,-0.2946483701135043,0.4600689778644937
1636825142.6937358,0,0.0,1.4266648555036396,0.706846456703353,-1.5446329507843024,1.438497755311368,0.706846456703353,-1.5446329507843024,1.438497755311368,-0.706846456703353,1.5446329507843024,-1.438497755311368,1.5707963267948966,-1.5318787501605093,7.380967142886666,1.5707963267948966,-1.5446329507843024,7.380967142886666,-0.2957217833095451,0.4630920283300671
1636825142.7133825,0,0.0,1.42666485550364,0.7065404315712474,-1.5488683506364924,1.4300514467900183,0.7065404315712474,-1.5488683506364924,1.4300514467900183,-0.7065404315712474,1.5488683506364924,-1.4300514467900183,1.5707963267948966,-1.5446329507843024,7.380967142886666,1.5707963267948966,-1.5488683506364924,7.380967142886666,-0.2975198062006422,0.4626820818035005
1636825142.73721,0,0.0,1.42666485550364,0.7062251964112031,-1.5502594701666261,1.4270364270328693,0.7062251964112031,-1.5502594701666261,1.4270364270328693,-0.7062251964112031,1.5502594701666261,-1.4270364270328693,1.5707963267948966,-1.5488683506364924,7.380967142886666,1.5707963267948966,-1.5502594701666261,7.380967142886666,-0.29817722258730295,0.4625803768266286
1636825142.7539191,0,0.0,1.4266648555036392,0.7059159072618506,-1.5507157483982685,1.426037338770373,0.7059159072618506,-1.5507157483982685,1.426037338770373,-0.7059159072618506,1.5507157483982685,-1.426037338770373,1.5707963267948966,-1.5502594701666261,7.380967142886666,1.5707963267948966,-1.5507157483982685,7.380967142886666,-0.2983956381328886,0.46254842234721383
1636825142.7737536,0,0.0,1.4266648555036396,0.7060510465044773,-1.5504763453269534,1.441548756101356,0.7060510465044773,-1.5504763453269534,1.441548756101356,-0.7060510465044773,1.5504763453269534,-1.441548756101356,1.5707963267948966,-1.5507157483982685,7.380967142886666,1.5707963267948966,-1.5504763453269534,7.380967142886666,-0.30183148406314586,0.45826789071408314
1636825142.79476,0,0.0,1.4266648555036396,0.7058062318905526,-1.5509643344234743,1.4287869178688597,0.7058062318905526,-1.5509643344234743,1.4287869178688597,-0.7058062318905526,1.5509643344234743,-1.4287869178688597,1.5707963267948966,-1.5504763453269534,7.380967142886666,1.5707963267948966,-1.5509643344234743,7.380967142886666,-0.2977745247011626,0.46202964829602167
1636825142.8142378,0,0.0,1.4266648555036392,0.7055074803738486,-1.5509559469181236,1.42565777924205,0.7055074803738486,-1.5509559469181236,1.42565777924205,-0.7055074803738486,1.5509559469181236,-1.42565777924205,1.5707963267948966,-1.5509643344234743,7.380967142886666,1.5707963267948966,-1.5509559469181236,7.380967142886666,-0.2984712439188888,0.46251120747555824
1636825142.836747,0,0.0,1.4266648555036392,0.7052574658885191,-1.5322714521211727,1.41622840523063,0.7052574658885191,-1.5322714521211727,1.41622840523063,-0.7052574658885191,1.5322714521211727,-1.41622840523063,1.5707963267948966,-1.5509559469181236,7.380967142886666,1.5707963267948966,-1.5322714521211727,7.380967142886666,-0.2921999150539689,0.4616211138451181
1636825142.85382,0,0.0,1.4266648555036396,0.7049807070492035,-1.5444718817154317,1.4336993459101175,0.7049807070492035,-1.5444718817154317,1.4336993459101175,-0.7049807070492035,1.5444718817154317,-1.4336993459101175,1.5707963267948966,-1.5322714521211727,7.380967142886666,1.5707963267948966,-1.5444718817154317,7.380967142886666,-0.29687359375212663,0.4638665188741796
1636825142.8745246,0,0.0,1.4266648555036396,0.7047562615302355,-1.5488016332676668,1.4299731877926196,0.7047562615302355,-1.5488016332676668,1.4299731877926196,-0.7047562615302355,1.5488016332676668,-1.4299731877926196,1.5707963267948966,-1.5444718817154317,7.380967142886666,1.5707963267948966,-1.5488016332676668,7.380967142886666,-0.29754869424451547,0.46271786646174423
1636825142.8930573,0,0.0,1.4266648555036396,0.7045142525323225,-1.5502371765943772,1.4270796340957705,0.7045142525323225,-1.5502371765943772,1.4270796340957705,-0.7045142525323225,1.5502371765943772,-1.4270796340957705,1.5707963267948966,-1.5488016332676668,7.380967142886666,1.5707963267948966,-1.5502371765943772,7.380967142886666,-0.2981684387963849,0.4625826087331156
1636825142.9142692,0,0.0,1.4266648555036392,0.704491824458779,-1.550514085528208,1.4339763695192929,0.704491824458779,-1.550514085528208,1.4339763695192929,-0.704491824458779,1.550514085528208,-1.4339763695192929,1.5707963267948966,-1.5502371765943772,7.380967142886666,1.5707963267948966,-1.550514085528208,7.380967142886666,-0.3000736269486556,0.4604132612038482
1636825142.9340305,0,0.0,1.42666485550364,0.7043874821669812,-1.5510281032551685,1.4294990852538136,0.7043874821669812,-1.5510281032551685,1.4294990852538136,-0.7043874821669812,1.5510281032551685,-1.4294990852538136,1.5707963267948966,-1.550514085528208,7.380967142886666,1.5707963267948966,-1.5510281032551685,7.380967142886666,-0.29758185053560027,0.46190479961119496
1636825142.973743,0,0.0,1.4266648555036392,0.704038319060461,-1.551051022714487,1.4265488556919421,0.704038319060461,-1.551051022714487,1.4265488556919421,-0.704038319060461,1.551051022714487,-1.4265488556919421,1.5707963267948966,-1.5510510567455102,7.380967142886666,1.5707963267948966,-1.551051022714487,7.380967142886666,-0.29822691216773534,0.46234971815599346
1636825142.9934611,0,0.0,1.428198836291525,0.7038539653538968,-1.5692494513918895,1.43940210058822,0.7038539653538968,-1.5692494513918895,1.43940210058822,-0.7038539653538968,1.5692494513918895,-1.43940210058822,1.5707963267948966,-1.551051022714487,7.380967142886666,1.5707963267948966,-1.5692494513918895,7.380967142886666,-0.3072648295,0.4618861228647243
1636825143.0153518,0,0.0,1.42666485550364,0.7036780029613573,-1.5381513057070397,1.4120342605851133,0.7036780029613573,-1.5381513057070397,1.4120342605851133,-0.7036780029613573,1.5381513057070397,-1.4120342605851133,1.5707963267948966,-1.5692494513918895,7.380967142886666,1.5707963267948966,-1.5381513057070397,7.380967142886666,-0.2964635934073002,0.45889732459481414
1636825143.0332997,0,0.0,1.42666485550364,0.7036452377434862,-1.5462293037869064,1.4377247258844656,0.7036452377434862,-1.5462293037869064,1.4377247258844656,-0.7036452377434862,1.5462293037869064,-1.4377247258844656,1.5707963267948966,-1.5381513057070397,7.380967142886666,1.5707963267948966,-1.5462293037869064,7.380967142886666,-0.2993877676828547,0.46154190507573245
1636825143.0540004,0,0.0,1.4266648555036392,0.7036762702935111,-1.5492050911686468,1.4369339517333055,0.7036762702935111,-1.5492050911686468,1.4369339517333055,-0.7036762702935111,1.5492050911686468,-1.4369339517333055,1.5707963267948966,-1.5462293037869064,7.380967142886666,1.5707963267948966,-1.5492050911686468,7.380967142886666,-0.29942279457968624,0.46049210995136397
1636825143.0760925,0,0.0,1.4266648555036392,0.7035391987656704,-1.5504628130329683,1.4281175180971482,0.7035391987656704,-1.5504628130329683,1.4281175180971482,-0.7035391987656704,1.5504628130329683,-1.4281175180971482,1.5707963267948966,-1.5492050911686468,7.380967142886666,1.5707963267948966,-1.5504628130329683,7.380967142886666,-0.2978699382692136,0.4623517830296273
1636825143.0950978,0,0.0,1.4266648555036396,0.703336922048162,-1.5507869047224927,1.425955513417101,0.703336922048162,-1.5507869047224927,1.425955513417101,-0.703336922048162,1.5507869047224927,-1.425955513417101,1.5707963267948966,-1.5504628130329683,7.380967142886666,1.5707963267948966,-1.5507869047224927,7.380967142886666,-0.2984103272703764,0.4625329795618748
1636825143.1159713,0,0.0,1.4266648555036396,0.7031426316047374,-1.5508892212234935,1.4256668806613957,0.7031426316047374,-1.5508892212234935,1.4256668806613957,-0.7031426316047374,1.5508892212234935,-1.4256668806613957,1.5707963267948966,-1.5507869047224927,7.380967142886666,1.5707963267948966,-1.5508892212234935,7.380967142886666,-0.2984767304560343,0.4625347977513699
1636825143.1330092,0,0.0,1.4266648555036396,0.7029558114373792,-1.550922616186693,1.4255911926615887,0.7029558114373792,-1.550922616186693,1.4255911926615887,-0.7029558114373792,1.550922616186693,-1.4255911926615887,1.5707963267948966,-1.5508892212234935,7.380967142886666,1.5707963267948966,-1.550922616186693,7.380967142886666,-0.2984934429763565,0.4625328055627839
1636825143.1534064,0,0.0,1.42666485550364,0.7029232841314655,-1.550667318438479,1.4324628945828541,0.7029232841314655,-1.550667318438479,1.4324628945828541,-0.7029232841314655,1.550667318438479,-1.4324628945828541,1.5707963267948966,-1.550922616186693,7.380967142886666,1.5707963267948966,-1.550667318438479,7.380967142886666,-0.30045864310772696,0.4605681314695107
1636825143.1787543,0,0.0,1.4266648555036392,0.7028831804706984,-1.5510752971552186,1.4293468823773783,0.7028831804706984,-1.5510752971552186,1.4293468823773783,-0.7028831804706984,1.5510752971552186,-1.4293468823773783,1.5707963267948966,-1.550667318438479,7.380967142886666,1.5707963267948966,-1.5510752971552186,7.380967142886666,-0.2976179248674258,0.46190820260529175
1636825143.1958525,0,0.0,1.4266648555036392,0.7027022254423336,-1.5509948560405185,1.425615104549923,0.7027022254423336,-1.5509948560405185,1.425615104549923,-0.7027022254423336,1.5509948560405185,-1.425615104549923,1.5707963267948966,-1.5510752971552186,7.380967142886666,1.5707963267948966,-1.5509948560405185,7.380967142886666,-0.2984790240959312,0.4625023863525908
1636825143.2136981,0,0.0,1.4266648555036392,0.7025326600301668,-1.5509577952111773,1.425523036964889,0.7025326600301668,-1.5509577952111773,1.425523036964889,-0.7025326600301668,1.5509577952111773,-1.425523036964889,1.5707963267948966,-1.5509948560405185,7.380967142886666,1.5707963267948966,-1.5509577952111773,7.380967142886666,-0.2985079800389604,0.4625290811799057
1636825143.2336686,0,0.0,1.42666485550364,0.7023703463288951,-1.5509451870756714,1.4255434040968564,0.7023703463288951,-1.5509451870756714,1.4255434040968564,-0.7023703463288951,1.5509451870756714,-1.4255434040968564,1.5707963267948966,-1.5509577952111773,7.380967142886666,1.5707963267948966,-1.5509451870756714,7.380967142886666,-0.2985039320882267,0.4625309611092003
1636825143.2572324,0,0.0,1.4266648555036392,0.7022147144121799,-1.5509410509599815,1.4255525461886274,0.7022147144121799,-1.5509410509599815,1.4255525461886274,-0.7022147144121799,1.5509410509599815,-1.4255525461886274,1.5707963267948966,-1.5509451870756714,7.380967142886666,1.5707963267948966,-1.5509410509599815,7.380967142886666,-0.29850196380406224,0.462531228780212
1636825143.2743764,0,0.0,1.42666485550364,0.7020654434428127,-1.5509397122046154,1.4255558598299098,0.7020654434428127,-1.5509397122046154,1.4255558598299098,-0.7020654434428127,1.5509397122046154,-1.4255558598299098,1.5707963267948966,-1.5509410509599815,7.380967142886666,1.5707963267948966,-1.5509397122046154,7.380967142886666,-0.29850125284663853,0.4625312597585873
1636825143.2976322,0,0.0,1.42666485550364,0.7019222601831355,-1.5509392908309472,1.4255571584267241,0.7019222601831355,-1.5509392908309472,1.4255571584267241,-0.7019222601831355,1.5509392908309472,-1.4255571584267241,1.5707963267948966,-1.5509397122046154,7.380967142886666,1.5707963267948966,-1.5509392908309472,7.380967142886666,-0.2985009812602595,0.46253122779496497
1636825143.3172848,0,0.0,1.4251308747157543,0.7019653646337712,-1.531999750978818,1.423138244657416,0.7019653646337712,-1.531999750978818,1.423138244657416,-0.7019653646337712,1.531999750978818,-1.423138244657416,1.5707963267948966,-1.5509392908309472,7.380967142886666,1.5707963267948966,-1.531999750978818,7.380967142886666,-0.29415738041790807,0.4596570710795943
1636825143.333477,0,0.0,1.4266648555036392,0.7020306229767381,-1.544680273336629,1.4385210295279884,0.7020306229767381,-1.544680273336629,1.4385210295279884,-0.7020306229767381,1.544680273336629,-1.4385210295279884,1.5707963267948966,-1.531999750978818,7.380967142886666,1.5707963267948966,-1.544680273336629,7.380967142886666,-0.2957113049926532,0.463070745796773
1636825143.3532002,0,0.0,1.4266648555036392,0.7019204487128161,-1.5488847500968392,1.4300326217750507,0.7019204487128161,-1.5488847500968392,1.4300326217750507,-0.7019204487128161,1.5488847500968392,-1.4300326217750507,1.5707963267948966,-1.544680273336629,7.380967142886666,1.5707963267948966,-1.5488847500968392,7.380967142886666,-0.2975240629808352,0.4626782614918177
1636825143.3748262,0,0.0,1.42666485550364,0.7017933396514516,-1.550265407216552,1.427035207257401,0.7017933396514516,-1.550265407216552,1.427035207257401,-0.7017933396514516,1.550265407216552,-1.427035207257401,1.5707963267948966,-1.5488847500968392,7.380967142886666,1.5707963267948966,-1.550265407216552,7.380967142886666,-0.29817786002973057,0.46257803904220385
1636825143.3932836,0,0.0,1.42666485550364,0.7017390789222531,-1.5503155552812575,1.4306097667059416,0.7017390789222531,-1.5503155552812575,1.4306097667059416,-0.7017390789222531,1.5503155552812575,-1.4306097667059416,1.5707963267948966,-1.550265407216552,7.380967142886666,1.5707963267948966,-1.5503155552812575,7.380967142886666,-0.300850066322778,0.46100070723018216
1636825143.4133892,0,0.0,1.4266648555036392,0.7016088579571591,-1.5507447606681979,1.4261488087878922,0.7016088579571591,-1.5507447606681979,1.4261488087878922,-0.7016088579571591,1.5507447606681979,-1.4261488087878922,1.5707963267948966,-1.5503155552812575,7.380967142886666,1.5707963267948966,-1.5507447606681979,7.380967142886666,-0.298363330464532,0.46252175790924605
1636825143.4355538,0,0.0,1.42666485550364,0.7017357337465415,-1.532008186480714,1.4243093659111827,0.7017357337465415,-1.532008186480714,1.4243093659111827,-0.7017357337465415,1.532008186480714,-1.4243093659111827,1.5707963267948966,-1.5507447606681979,7.380967142886666,1.5707963267948966,-1.532008186480714,7.380967142886666,-0.2938469865677821,0.4594891503875439
1636825143.4532495,0,0.0,1.4266648555036392,0.7018135179789469,-1.544211924355717,1.4421038416643799,0.7018135179789469,-1.544211924355717,1.4421038416643799,-0.7018135179789469,1.544211924355717,-1.4421038416643799,1.5707963267948966,-1.532008186480714,7.380967142886666,1.5707963267948966,-1.544211924355717,7.380967142886666,-0.298433066772787,0.461688306087855
1636825143.4768548,0,0.0,1.42666485550364,0.7017121321386428,-1.5487382035149744,1.4304684600464421,0.7017121321386428,-1.5487382035149744,1.4304684600464421,-0.7017121321386428,1.5487382035149744,-1.4304684600464421,1.5707963267948966,-1.544211924355717,7.380967142886666,1.5707963267948966,-1.5487382035149744,7.380967142886666,-0.297423018839753,0.4626725036064545
1636825143.493827,0,0.0,1.42666485550364,0.7018265477612585,-1.5500231744562407,1.4350651858974752,0.7018265477612585,-1.5500231744562407,1.4350651858974752,-0.7018265477612585,1.5500231744562407,-1.4350651858974752,1.5707963267948966,-1.5487382035149744,7.380967142886666,1.5707963267948966,-1.5500231744562407,7.380967142886666,-0.2998355463914111,0.46044551595467004
1636825143.513418,0,0.0,1.4251308747157543,0.7018668108905072,-1.532194307113011,1.420543605021459,0.7018668108905072,-1.532194307113011,1.420543605021459,-0.7018668108905072,1.532194307113011,-1.420543605021459,1.5707963267948966,-1.5500231744562407,7.380967142886666,1.5707963267948966,-1.532194307113011,7.380967142886666,-0.29119998513093737,0.4610045518137792
1636825143.53613,0,0.0,1.4266648555036392,0.7018669367316517,-1.5446664060892097,1.4372737221300809,0.7018669367316517,-1.5446664060892097,1.4372737221300809,-0.7018669367316517,1.5446664060892097,-1.4372737221300809,1.5707963267948966,-1.532194307113011,7.380967142886666,1.5707963267948966,-1.5446664060892097,7.380967142886666,-0.29604290870417627,0.4632512822140652
1636825143.5549526,0,0.0,1.4266648555036392,0.701764683274323,-1.5488767215803965,1.429993799628994,0.701764683274323,-1.5488767215803965,1.429993799628994,-0.701764683274323,1.5488767215803965,-1.429993799628994,1.5707963267948966,-1.5446664060892097,7.380967142886666,1.5707963267948966,-1.5488767215803965,7.380967142886666,-0.297535446167829,0.46268666455513685
1636825143.5761085,0,0.0,1.4251308747157543,0.7016776205734294,-1.5315894807199628,1.41772418171624,0.7016776205734294,-1.5315894807199628,1.41772418171624,-0.7016776205734294,1.5315894807199628,-1.41772418171624,1.5707963267948966,-1.5488767215803965,7.380967142886666,1.5707963267948966,-1.5315894807199628,7.380967142886666,-0.29187367323664604,0.46166826867998806
1636825143.593271,0,0.0,1.4251308747157543,0.7019429276519762,-1.5255890665273595,1.436154475769773,0.7019429276519762,-1.5255890665273595,1.436154475769773,-0.7019429276519762,1.5255890665273595,-1.436154475769773,1.5707963267948966,-1.5315894807199628,7.380967142886666,1.5707963267948966,-1.5255890665273595,7.380967142886666,-0.2913704975072767,0.46024613503060097
1636825143.6137109,0,0.0,1.42666485550364,0.7022221492363832,-1.5236359508754145,1.4406749779674648,0.7022221492363832,-1.5236359508754145,1.4406749779674648,-0.7022221492363832,1.5236359508754145,-1.4406749779674648,1.5707963267948966,-1.5255890665273595,7.380967142886666,1.5707963267948966,-1.5236359508754145,7.380967142886666,-0.2903701073936241,0.46034890449985255
1636825143.6562831,0,0.0,1.4251308747157543,0.7023871401646669,-1.529544793228411,1.4260529925354257,0.7023871401646669,-1.529544793228411,1.4260529925354257,-0.7023871401646669,1.529544793228411,-1.4260529925354257,1.5707963267948966,-1.5420002330094453,7.380967142886666,1.5707963267948966,-1.529544793228411,7.380967142886666,-0.2900106467546737,0.4612306854344572
1636825143.6742556,0,0.0,1.423596893927868,0.702695415470855,-1.5062560634340607,1.4284612861413288,0.702695415470855,-1.5062560634340607,1.4284612861413288,-0.702695415470855,1.5062560634340607,-1.4284612861413288,1.5707963267948966,-1.529544793228411,7.380967142886666,1.5707963267948966,-1.5062560634340607,7.380967142886666,-0.2847040962729884,0.4593572945322021
1636825143.693517,0,0.0,1.4266648555036392,0.7028351244301623,-1.5360270997077232,1.4540551015228023,0.7028351244301623,-1.5360270997077232,1.4540551015228023,-0.7028351244301623,1.5360270997077232,-1.4540551015228023,1.5707963267948966,-1.5062560634340607,7.380967142886666,1.5707963267948966,-1.5360270997077232,7.380967142886666,-0.2924836441210632,0.464153287140017
1636825143.7157161,0,0.0,1.4266648555036392,0.7027966989349145,-1.5456351337685144,1.440690622865108,0.7027966989349145,-1.5456351337685144,1.440690622865108,-0.7027966989349145,1.5456351337685144,-1.440690622865108,1.5707963267948966,-1.5360270997077232,7.380967142886666,1.5707963267948966,-1.5456351337685144,7.380967142886666,-0.29865488373268567,0.46135178149884304
1636825143.7358701,0,0.0,1.4251308747157538,0.7028973015166396,-1.5303417560270138,1.4281123806379474,0.7028973015166396,-1.5303417560270138,1.4281123806379474,-0.7028973015166396,1.5303417560270138,-1.4281123806379474,1.5707963267948966,-1.5456351337685144,7.380967142886666,1.5707963267948966,-1.5303417560270138,7.380967142886666,-0.29300776666826667,0.459584403941226
1636825143.7532115,0,0.0,1.4266648555036396,0.7032209069682122,-1.5440820566553468,1.4500119369446047,0.7032209069682122,-1.5440820566553468,1.4500119369446047,-0.7032209069682122,1.5440820566553468,-1.4500119369446047,1.5707963267948966,-1.5303417560270138,7.380967142886666,1.5707963267948966,-1.5440820566553468,7.380967142886666,-0.29662324359850667,0.4605470948859346
1636825143.777274,0,0.0,1.4266648555036392,0.7032728016318895,-1.5485218167865278,1.438771695102023,0.7032728016318895,-1.5485218167865278,1.438771695102023,-0.7032728016318895,1.5485218167865278,-1.438771695102023,1.5707963267948966,-1.5440820566553468,7.380967142886666,1.5707963267948966,-1.5485218167865278,7.380967142886666,-0.2990038986027729,0.4604923540637154
1636825143.793002,0,0.0,1.4266648555036392,0.7031552248410313,-1.550239742838289,1.4286231664426308,0.7031552248410313,-1.550239742838289,1.4286231664426308,-0.7031552248410313,1.550239742838289,-1.4286231664426308,1.5707963267948966,-1.5485218167865278,7.380967142886666,1.5707963267948966,-1.550239742838289,7.380967142886666,-0.2977586404649415,0.4623649764768702
1636825143.8184693,0,0.0,1.4251308747157543,0.7030777956591695,-1.5316380273641377,1.4213692673965301,0.7030777956591695,-1.5316380273641377,1.4213692673965301,-0.7030777956591695,1.5316380273641377,-1.4213692673965301,1.5707963267948966,-1.550239742838289,7.380967142886666,1.5707963267948966,-1.5316380273641377,7.380967142886666,-0.29452674421771385,0.46008181256128017
1636825143.834272,0,0.0,1.4251308747157543,0.7032823433057769,-1.5256151048795767,1.4362608521976696,0.7032823433057769,-1.5256151048795767,1.4362608521976696,-0.7032823433057769,1.5256151048795767,-1.4362608521976696,1.5707963267948966,-1.5316380273641377,7.380967142886666,1.5707963267948966,-1.5256151048795767,7.380967142886666,-0.29133865766605316,0.4602216540584365
1636825143.855857,0,0.0,1.4266648555036392,0.7035067157905583,-1.5236447879085548,1.440659651219129,0.7035067157905583,-1.5236447879085548,1.440659651219129,-0.7035067157905583,1.5236447879085548,-1.440659651219129,1.5707963267948966,-1.5256151048795767,7.380967142886666,1.5707963267948966,-1.5236447879085548,7.380967142886666,-0.29037297175356525,0.46034780783524964
1636825143.8741345,0,0.0,1.4266648555036392,0.7034809480737131,-1.5418665970364507,1.4434755689347731,0.7034809480737131,-1.5418665970364507,1.4434755689347731,-0.7034809480737131,1.5418665970364507,-1.4434755689347731,1.5707963267948966,-1.5236447879085548,7.380967142886666,1.5707963267948966,-1.5418665970364507,7.380967142886666,-0.294683540734196,0.46343742442146635
1636825143.8938456,0,0.0,1.4251308747157543,0.703360303770916,-1.529285503138592,1.4226926681202605,0.703360303770916,-1.529285503138592,1.4226926681202605,-0.703360303770916,1.529285503138592,-1.4226926681202605,1.5707963267948966,-1.5418665970364507,7.380967142886666,1.5707963267948966,-1.529285503138592,7.380967142886666,-0.2907913375697414,0.46184026695022873
1636825143.9158425,0,0.0,1.4251308747157538,0.7033178539710996,-1.543700863325926,1.4392011515937713,0.7033178539710996,-1.543700863325926,1.4392011515937713,-0.7033178539710996,1.543700863325926,-1.4392011515937713,1.5707963267948966,-1.529285503138592,7.380967142886666,1.5707963267948966,-1.543700863325926,7.380967142886666,-0.2956308431520803,0.46334495070855275
1636825143.9347167,0,0.0,1.4266648555036392,0.7034120773518162,-1.5296917566221646,1.429282803866097,0.7034120773518162,-1.5296917566221646,1.429282803866097,-0.7034120773518162,1.5296917566221646,-1.429282803866097,1.5707963267948966,-1.543700863325926,7.380967142886666,1.5707963267948966,-1.5296917566221646,7.380967142886666,-0.2927647034984078,0.4596651259496154
1636825143.9536693,0,0.0,1.4266648555036392,0.7035164939491911,-1.5440627047552549,1.4425494041192573,0.7035164939491911,-1.5440627047552549,1.4425494041192573,-0.7035164939491911,1.5440627047552549,-1.4425494041192573,1.5707963267948966,-1.5296917566221646,7.380967142886666,1.5707963267948966,-1.5440627047552549,7.380967142886666,-0.2948417425193255,0.4626986893901378
1636825143.9749138,0,0.0,1.4251308747157543,0.703597002367614,-1.5298217259020612,1.4291813057113085,0.703597002367614,-1.5298217259020612,1.4291813057113085,-0.703597002367614,1.5298217259020612,-1.4291813057113085,1.5707963267948966,-1.5440627047552549,7.380967142886666,1.5707963267948966,-1.5298217259020612,7.380967142886666,-0.2927775460923794,0.45963055543771253
1636825143.9933913,0,0.0,1.42666485550364,0.7035351632322411,-1.543897656562472,1.439109596993804,0.7035351632322411,-1.543897656562472,1.439109596993804,-0.7035351632322411,1.543897656562472,-1.439109596993804,1.5707963267948966,-1.5298217259020612,7.380967142886666,1.5707963267948966,-1.543897656562472,7.380967142886666,-0.29563356883649494,0.46328395339792927
1636825144.0141463,0,0.0,1.4266648555036396,0.7034431088268251,-1.5482222117278988,1.4351159565211553,0.7034431088268251,-1.5482222117278988,1.4351159565211553,-0.7034431088268251,1.5482222117278988,-1.4351159565211553,1.5707963267948966,-1.543897656562472,7.380967142886666,1.5707963267948966,-1.5482222117278988,7.380967142886666,-0.29986881457327297,0.4611581153244436
1636825144.0339217,0,0.0,1.4251308747157543,0.7032874793965512,-1.531384780003282,1.4183334348816814,0.7032874793965512,-1.531384780003282,1.4183334348816814,-0.7032874793965512,1.531384780003282,-1.4183334348816814,1.5707963267948966,-1.5482222117278988,7.380967142886666,1.5707963267948966,-1.531384780003282,7.380967142886666,-0.29173199185110044,0.4616602828593634
1636825144.0560615,0,0.0,1.42666485550364,0.7032374120199403,-1.5443898899279105,1.4376999387339449,0.7032374120199403,-1.5443898899279105,1.4376999387339449,-0.7032374120199403,1.5443898899279105,-1.4376999387339449,1.5707963267948966,-1.531384780003282,7.380967142886666,1.5707963267948966,-1.5443898899279105,7.380967142886666,-0.2959585650153398,0.46329567514145914
1636825144.0736585,0,0.0,1.42666485550364,0.703080855252179,-1.5487854068351583,1.4301829232390828,0.703080855252179,-1.5487854068351583,1.4301829232390828,-0.703080855252179,1.5487854068351583,-1.4301829232390828,1.5707963267948966,-1.5443898899279105,7.380967142886666,1.5707963267948966,-1.5487854068351583,7.380967142886666,-0.2974943756347448,0.4626946461414073
1636825144.0932226,0,0.0,1.42666485550364,0.7029070227783784,-1.550232518920175,1.4271016097249738,0.7029070227783784,-1.550232518920175,1.4271016097249738,-0.7029070227783784,1.550232518920175,-1.4271016097249738,1.5707963267948966,-1.5487854068351583,7.380967142886666,1.5707963267948966,-1.550232518920175,7.380967142886666,-0.29816338940992215,0.46258119294735056
1636825144.1134193,0,0.0,1.4266648555036392,0.702733046812604,-1.5507072960567538,1.4260640953746297,0.702733046812604,-1.5507072960567538,1.4260640953746297,-0.702733046812604,1.5507072960567538,-1.4260640953746297,1.5707963267948966,-1.550232518920175,7.380967142886666,1.5707963267948966,-1.5507072960567538,7.380967142886666,-0.29839006763433085,0.46254766282721116
1636825144.1353292,0,0.0,1.42666485550364,0.7025638128095447,-1.5508630039432751,1.4257229302001404,0.7025638128095447,-1.5508630039432751,1.4257229302001404,-0.7025638128095447,1.5508630039432751,-1.4257229302001404,1.5707963267948966,-1.5507072960567538,7.380967142886666,1.5707963267948966,-1.5508630039432751,7.380967142886666,-0.29846467649257324,0.4625367847017009
1636825144.1532142,0,0.0,1.4251308747157543,0.7025088236506175,-1.5318382591211175,1.4208630085210343,0.7025088236506175,-1.5318382591211175,1.4208630085210343,-0.7025088236506175,1.5318382591211175,-1.4208630085210343,1.5707963267948966,-1.5508630039432751,7.380967142886666,1.5707963267948966,-1.5318382591211175,7.380967142886666,-0.2946409547755886,0.4600772029086465
1636825144.1752384,0,0.0,1.4251308747157538,0.7024849774369977,-1.5445483235849837,1.437510827869085,0.7024849774369977,-1.5445483235849837,1.437510827869085,-0.7024849774369977,1.5445483235849837,-1.437510827869085,1.5707963267948966,-1.5318382591211175,7.380967142886666,1.5707963267948966,-1.5445483235849837,7.380967142886666,-0.29599204437410853,0.4632625724353453
1636825144.1934874,0,0.0,1.4266648555036396,0.7024283433007006,-1.5489096088461567,1.4311007138504155,0.7024283433007006,-1.5489096088461567,1.4311007138504155,-0.7024283433007006,1.5489096088461567,-1.4311007138504155,1.5707963267948966,-1.5445483235849837,7.380967142886666,1.5707963267948966,-1.5489096088461567,7.380967142886666,-0.29723943097525374,0.46251857416267717
1636825144.213626,0,0.0,1.4266648555036396,0.7023538896900949,-1.5498739127178802,1.4316261405680666,0.7023538896900949,-1.5498739127178802,1.4316261405680666,-0.7023538896900949,1.5498739127178802,-1.4316261405680666,1.5707963267948966,-1.5489096088461567,7.380967142886666,1.5707963267948966,-1.5498739127178802,7.380967142886666,-0.30062530063824844,0.46102478978686623
1636825144.2363946,0,0.0,1.4266648555036392,0.7022189834800845,-1.5319268429143578,1.4171520633777546,0.7022189834800845,-1.5319268429143578,1.4171520633777546,-0.7022189834800845,1.5319268429143578,-1.4171520633777546,1.5707963267948966,-1.5498739127178802,7.380967142886666,1.5707963267948966,-1.5319268429143578,7.380967142886666,-0.29199012875796515,0.46162150271639785
1636825144.2536628,0,0.0,1.4266648555036392,0.7022097663138477,-1.5445677701070966,1.43731241404409,0.7022097663138477,-1.5445677701070966,1.43731241404409,-0.7022097663138477,1.5445677701070966,-1.43731241404409,1.5707963267948966,-1.5319268429143578,7.380967142886666,1.5707963267948966,-1.5445677701070966,7.380967142886666,-0.2960433821076439,0.4632828856331892
1636825144.2733357,0,0.0,1.4266648555036392,0.7020941968419213,-1.548843854491953,1.4300572151989432,0.7020941968419213,-1.548843854491953,1.4300572151989432,-0.7020941968419213,1.548843854491953,-1.4300572151989432,1.5707963267948966,-1.5445677701070966,7.380967142886666,1.5707963267948966,-1.548843854491953,7.380967142886666,-0.2975219491593485,0.46269017630911125
1636825144.293222,0,0.0,1.4266648555036392,0.7019602711824026,-1.5502518000601484,1.4270617611568563,0.7019602711824026,-1.5502518000601484,1.4270617611568563,-0.7019602711824026,1.5502518000601484,-1.4270617611568563,1.5707963267948966,-1.548843854491953,7.380967142886666,1.5707963267948966,-1.5502518000601484,7.380967142886666,-0.29817218485395913,0.46257945318176974
